,Ticker,SizePage
0,CSV,8
1,CTD,13
2,DRC,16
3,CTF,5
4,DRH,12
5,CTG,13
6,DRL,11
7,CTI,13
8,DSN,12
9,CTS,13
10,DTA,12
11,CVT,13
12,DTL,12
13,GEX,10
14,D2D,13
15,DTT,16
16,GIL,19
17,DAG,12
18,DVP,13
19,GMC,16
20,NLG,10
21,DAH,6
22,DXG,13
23,GMD,18
24,NNC,14
25,KPF,7
26,AAA,12
27,DAT,7
28,DXV,14
29,GSP,11
30,NSC,16
31,KSB,13
32,AAM,14
33,DBC,14
34,EIB,13
35,GTA,15
36,HRC,16
37,NT2,10
38,L10,15
39,ABS,4
40,DBD,7
41,ELC,13
42,GTN,8
43,HSG,14
44,BMP,17
45,NTL,15
46,LAF,18
47,ABT,16
48,DBT,13
49,EMC,11
50,GVR,6
51,HSL,6
52,BRC,12
53,NVL,6
54,LBM,16
55,ACC,12
56,DC4,14
57,EVE,12
58,HAG,14
59,PPC,16
60,HT1,15
61,BSI,11
62,NVT,13
63,LCG,14
64,ACL,15
65,DCL,14
66,EVG,6
67,HAH,8
68,PSH,3
69,TBC,16
70,HTI,12
71,BTP,14
72,OGC,12
73,LCM,11
74,ADS,7
75,DCM,7
76,FCM,9
77,HAI,16
78,PTB,12
79,SFI,16
80,TCB,10
81,HTL,12
82,BTT,14
83,OPC,14
84,LDG,8
85,AGG,3
86,DGC,10
87,FCN,10
88,HAP,18
89,PTC,15
90,SGN,8
91,TCD,7
92,HTN,5
93,BVH,13
94,PAC,15
95,LEC,9
96,AGM,12
97,DGW,7
98,FDC,13
99,HAR,10
100,PTL,12
101,TNI,5
102,SGR,8
103,TCH,6
104,HTV,16
105,BWE,6
106,PAN,15
107,LGC,16
108,AGR,13
109,DHA,18
110,FIR,5
111,HAS,18
112,PVD,16
113,VIC,15
114,TNT,13
115,SGT,15
116,TCL,13
117,HU1,11
118,C32,12
119,PC1,7
120,LGL,13
121,AMD,8
122,DHC,14
123,FIT,9
124,HAX,16
125,PVT,15
126,VID,16
127,TPB,9
128,SHA,10
129,TCM,15
130,HU3,12
131,C47,12
132,PDN,12
133,LHG,13
134,ANV,15
135,DHG,17
136,FLC,12
137,HBC,16
138,PXI,13
139,VIP,16
140,TPC,14
141,SHI,13
142,TCO,12
143,HUB,6
144,CAV,10
145,PDR,12
146,LIX,13
147,APC,13
148,DHM,10
149,FMC,15
150,HCD,6
151,PXS,12
152,VIS,16
153,TRA,14
154,SHP,9
155,TCR,16
156,HVH,4
157,CCI,13
158,PET,15
159,LM8,12
160,APG,12
161,DIG,14
162,FPT,16
163,HCM,13
164,PXT,13
165,VJC,5
166,TRC,15
167,SII,10
168,TCT,16
169,HVN,7
170,CCL,12
171,PGC,16
172,LPB,8
173,APH,3
174,DLG,12
175,FRT,6
176,HDB,9
177,QBS,8
178,VMD,13
179,TS4,17
180,SJD,16
181,TDC,13
182,HVX,14
183,CDC,15
184,PGD,13
185,LSS,14
186,ASG,5
187,DMC,16
188,FTM,6
189,HDC,15
190,QCG,12
191,VND,13
192,TSC,15
193,SJF,5
194,TDG,6
195,IBC,5
196,CEE,6
197,PGI,11
198,MBB,11
199,ASM,13
200,DPG,5
201,FTS,15
202,HDG,13
203,RAL,16
204,VNE,15
205,TTA,2
206,SJS,16
207,TDH,16
208,ICT,7
209,CHP,10
210,PHC,13
211,MCG,13
212,ASP,15
213,DPM,15
214,GAB,4
215,HHS,12
216,RDP,13
217,VNG,13
218,TTB,8
219,SKG,9
220,TDM,6
221,IDI,12
222,CIG,12
223,PHR,13
224,MCP,16
225,AST,6
226,DPR,15
227,GAS,11
228,HID,6
229,REE,18
230,VNL,13
231,TTE,5
232,SMA,12
233,TDP,5
234,IJC,13
235,CII,16
236,PIT,15
237,MDG,12
238,ATG,7
239,DQC,15
240,GDT,13
241,HII,6
242,RIC,15
243,VNM,17
244,TTF,14
245,SMB,10
246,TDW,12
247,ILB,10
248,CKG,11
249,PJT,16
250,MHC,17
251,BBC,20
252,GEG,10
253,HMC,16
254,ROS,6
255,VNS,14
256,TV2,13
257,SMC,17
258,TEG,7
259,IMP,16
260,CLC,16
261,PLP,5
262,MSH,7
263,BCE,15
264,HNG,7
265,S4A,7
266,VOS,13
267,TVB,10
268,SPM,13
269,TGG,6
270,ITA,16
271,CLG,13
272,PLX,10
273,MSN,13
274,BCG,8
275,HOT,11
276,SAB,8
277,VPB,9
278,TVS,10
279,SRC,13
280,THG,11
281,ITC,13
282,CLL,11
283,PME,6
284,MWG,9
285,BCM,5
286,HPG,15
287,SAM,19
288,VPD,9
289,TVT,13
290,SRF,14
291,THI,8
292,ITD,11
293,CLW,12
294,PMG,6
295,NAF,7
296,BFC,8
297,HPX,4
298,SAV,18
299,VPG,6
300,TYA,16
301,SSC,17
302,TIP,12
303,JVC,11
304,CMG,13
305,PNC,17
306,NAV,16
307,BHN,8
308,HQC,12
309,SBA,13
310,VPH,13
311,UDC,13
312,SSI,15
313,TIX,13
314,KBC,15
315,CMV,13
316,PNJ,14
317,NBB,14
318,BIC,12
319,SBT,14
320,VPI,6
321,UIC,16
322,ST8,15
323,TLD,5
324,KDC,17
325,CMX,12
326,POM,13
327,NCT,8
328,BID,12
329,SBV,7
330,VPS,7
331,VAF,9
332,STB,16
333,TLG,13
334,KDH,13
335,CNG,11
336,POW,5
337,NHH,4
338,BMC,17
339,SC5,16
340,VRC,13
341,VCB,13
342,STG,13
343,TLH,13
344,KHP,17
345,COM,16
346,NKG,12
347,BMI,15
348,SCD,15
349,VRE,6
350,VCF,12
351,STK,8
352,TMP,13
353,KMR,14
354,CRC,5
355,SCR,12
356,VSC,15
357,VCI,10
358,SVC,16
359,TMS,17
360,KOS,6
361,CRE,5
362,SCS,9
363,VSH,17
364,VDP,10
365,SVI,14
366,TMT,13
367,CSM,13
368,SFC,17
369,VSI,12
370,VDS,13
371,SVT,11
372,TN1,5
373,SFG,10
374,VTB,16
375,VFG,13
376,SZC,10
377,TNA,17
378,VTO,15
379,VGC,7
380,SZL,14
381,TNC,15
382,YBM,5
383,VHC,15
384,TAC,16
385,YEG,5
386,VHM,6
387,VIB,10
